Zones,GenVar
AZ_1,0.14129567307692303
NM_1,0.26069184981684984
PNW_1,0.2716762820512821
SoCal_1,0.37738667582417595
WY_1,0.2782266483516483
